epoch,train_loss,train_acc,val_loss,val_acc,val_macro_f1,lr,epoch_time_s
1,0.8239772780248062,0.634415801807834,0.4488018751144409,0.8047895500725689,0.7372842573861229,0.001,33.97261071205139
2,0.45694701332171145,0.8389688650820221,0.21277466416358948,0.9346879535558781,0.9342449918731602,0.001,34.460105895996094
3,0.2451039420139602,0.9248409775694677,0.14939065277576447,0.9506531204644412,0.9532084351134595,0.001,36.70350432395935
4,0.20519513380659196,0.9315366588550384,0.11406425386667252,0.9637155297532656,0.9656834126388162,0.001,34.90856432914734
5,0.17269128697210623,0.9385671242048879,0.12742485105991364,0.9542815674891146,0.9570715161798428,0.001,35.813098430633545
6,0.15929383773806904,0.9387345162370271,0.19559265673160553,0.9201741654571843,0.9220272267131477,0.001,37.29132413864136
7,0.14603982650549227,0.9430867090726481,0.10486871004104614,0.9557329462989841,0.9585280010612586,0.001,36.283143281936646
8,0.153368977083384,0.9370605959156344,0.13660234212875366,0.9426705370101597,0.9455171845674254,0.001,38.62783885002136
9,0.1438828369307606,0.9472715098761298,0.10497725754976273,0.9542815674891146,0.9572342806718565,0.001,41.211039304733276
10,0.12865187580425044,0.9487780381653833,0.13705188035964966,0.9521044992743106,0.9549433315866934,0.001,38.06544303894043
11,0.12841366494219758,0.9464345497154335,0.10038376599550247,0.9608127721335269,0.9632458190274349,0.001,39.097835540771484
12,0.12958639440107075,0.947941078004687,0.11884317547082901,0.9557329462989841,0.9584478792224526,0.001,36.9648551940918
13,0.12898382143428344,0.9511215266153331,0.12722255289554596,0.9528301886792453,0.9550538384562461,0.001,35.487956285476685
14,0.14679811644212912,0.9460997656511551,0.11071927100419998,0.9521044992743106,0.9542902384333413,0.001,36.92449474334717
15,0.13047088498818982,0.9486106461332441,0.1464536190032959,0.9470246734397678,0.9493795793830658,0.001,36.74618148803711
16,0.13246687356249162,0.9494476062939404,0.10309147834777832,0.9564586357039188,0.9592175066312997,0.001,34.82654309272766
17,0.13162662852137713,0.947941078004687,0.12326183915138245,0.9521044992743106,0.9547545909464974,0.001,35.10700225830078
18,0.12471981952730772,0.9521258788081687,0.1066175326704979,0.9586357039187228,0.961348632583026,0.001,38.170652627944946
19,0.12718763718912193,0.9502845664546368,0.16000695526599884,0.944121915820029,0.9461154417540323,0.001,36.25217270851135
20,0.1260681837687414,0.9509541345831939,0.11383514851331711,0.9557329462989841,0.9580041683077413,0.001,33.92613649368286
21,0.12754146545217473,0.9450954134583194,0.12172138690948486,0.9557329462989841,0.9586434234173394,0.001,35.55193495750427
22,0.13033233424084298,0.9502845664546368,0.10853305459022522,0.9564586357039188,0.9592943167316331,0.001,33.13767647743225
23,0.12390547574619046,0.9464345497154335,0.1192738339304924,0.9310595065312046,0.9333570020061339,0.001,35.48259782791138
24,0.11688148707480665,0.9521258788081687,0.08778185397386551,0.9644412191582002,0.9666573796220939,0.001,41.77823543548584
25,0.11586230039935787,0.9539671911617007,0.0967448502779007,0.9586357039187228,0.9610597656136717,0.001,33.0858256816864
26,0.11407165027279338,0.9517910947438902,0.10361973196268082,0.9571843251088534,0.9599063542378851,0.001,35.03410744667053
27,0.13131490039848387,0.9517910947438902,0.11462858319282532,0.9550072568940493,0.9577566138290236,0.001,34.87166905403137
28,0.12512893173600426,0.9536324070974221,0.265908807516098,0.93033381712627,0.93120647298374,0.001,40.65185022354126
29,0.12117424235122037,0.9514563106796117,0.26635628938674927,0.9339622641509434,0.9328871716867325,0.001,37.91238021850586
30,0.14158564336550528,0.9449280214261802,0.11102999001741409,0.95355587808418,0.9565024959339551,0.001,36.4061598777771
31,0.11664984910522849,0.9519584867760295,0.10494989901781082,0.9564586357039188,0.9592575800629728,0.001,41.14666771888733
32,0.1266017434417024,0.9549715433545364,0.19700172543525696,0.9325108853410741,0.9336294657723229,0.001,36.60497832298279
33,0.11774053070401123,0.952293270840308,0.12334005534648895,0.9528301886792453,0.9556146692929944,0.001,34.69811534881592
34,0.10687302127492979,0.9544693672581185,0.12547656893730164,0.9542815674891146,0.9572342806718565,0.001,36.096665143966675
35,0.10716054547898618,0.9544693672581185,0.1181732565164566,0.9542815674891146,0.9570715161798428,0.001,38.78718900680542
36,0.1212280736466016,0.9521258788081687,0.12845271825790405,0.9528301886792453,0.9556146692929944,0.001,38.98454260826111
37,0.11206934699914342,0.954804151322397,0.12501251697540283,0.9259796806966618,0.9277155347149798,0.001,37.95641016960144
38,0.11862805987585737,0.950451958486776,0.10432480275630951,0.9557329462989841,0.9584478792224526,0.001,38.110132694244385
39,0.11222439762897064,0.9532976230331436,0.11727085709571838,0.9521044992743106,0.9550075327042994,0.001,36.608670711517334
40,0.10514001618630518,0.9541345831938399,0.11463873833417892,0.9542815674891146,0.9569114025178594,0.001,40.28125596046448
41,0.11368126193935112,0.954804151322397,0.10333289951086044,0.9579100145137881,0.9602969084230488,0.001,39.44136095046997
42,0.1278863494955739,0.9521258788081687,0.09506524354219437,0.9608127721335269,0.9632868441420221,0.001,50.3721923828125
43,0.11611981767722056,0.9541345831938399,0.09949201345443726,0.9586357039187228,0.9612821458008027,0.001,52.13512635231018
44,0.11006820435343596,0.9553063274188148,0.0846957266330719,0.9637155297532656,0.9660792587077025,0.001,39.92281746864319
